Date,Time,Original tweet,Clean tweet,Positive,Neutral,Negative
2022-05-15,3:15,"$BAT
An unusual limit order (sell) added to the order book has been detected.
2022-05-15 3:15AM | $BAT @ 0.000099 BTC | Qty: 200,544 | Value: 19.85 BTC | 637% away from the current price!
#BAT #BTC #cryptocurrency #Crypto",bat an unusual limit order sell added to the order book has been detected 20220515 bat 0000099 btc 200544 1985 btc 637 away from the current price bat btc cryptocurrency crypto,0.061280686408281326,0.6150872707366943,0.32363203167915344
2022-05-15,3:15,"@airdropinspect Good project.Thanks for shearing this amazing project.

@RonyIsl14280868 
@AkashSarniabat 
@Sayem60 

#Airdrop #Airdrops #Airdropinspector #O2ETHDao #O2 #Crypto #Bitcoin",airdropinspect good projectthanks for shearing this amazing project ronyisl14280868 akashsarniabat sayem60 airdrop airdrops airdropinspector o2ethdao o2 crypto bitcoin,0.33302029967308044,0.6558614373207092,0.011118229478597641
2022-05-15,3:15,"$BTC going down to 20k or going to bounce from this 28k support level?

What do you think and which alts are you buying in this dip?

#bitcoin #btc #luna $luna #terra #ust $ust $shib",btc going down to 20k or going to bounce from this 28k support level what do you think and which alts are you buying in this dip bitcoin btc luna luna terra ust ust shib,0.03019043244421482,0.7962828874588013,0.17352664470672607
2022-05-15,3:15,Is it possible to create the best form of money? #CardanoADA #Bitcoin #LUNA #PiNetwork #PITALK,is it possible to create the best form of money cardanoada bitcoin luna pinetwork pitalk,0.17280949652194977,0.8189506530761719,0.008239910937845707
2022-05-15,3:15,@saylor @ComicDaveSmith #Bitcoin is the separation of money and state - @maxkeiser,saylor comicdavesmith bitcoin is the separation of money and state maxkeiser,0.03522048518061638,0.9360231757164001,0.028756340965628624
2022-05-15,3:15,"A good project and strong team in a predictable and transparent road map. I think in the near future we will see an unprecedented growth of this project.

@indri_andri97 @islamiyah_mega @kinan_wahyuni 

#Pounderprotocol #crypto. #Bitcoin, #Hiddengem #BTC #Cryptocurrency #Defi",a good project and strong team in a predictable and transparent road map i think in the near future we will see an unprecedented growth of this project indriandri97 islamiyahmega kinanwahyuni pounderprotocol crypto bitcoin hiddengem btc cryptocurrency defi,0.8350377678871155,0.1576746553182602,0.007287646643817425
2022-05-15,3:15,Current #Bitcoin Price is $29812 #BTC #Crypto,current bitcoin price is 29812 btc crypto,0.0213134977966547,0.9505892395973206,0.02809726633131504
2022-05-15,3:15,"@preston_hodl Option:

You can put the college money into Bitcoin up front. Or as you go.

But still do the boot camp.

Then once you finish the boot camp, you have the option to do your degree in 4 years for: 1/3rd - 1/4th of the original cost.

(By taking out the #Bitcoin +1 Cycle).",prestonhodl you can put the college money into bitcoin up front or as you go but still do the boot camp then once you finish the boot camp you have the option to do your degree in 4 years 13rd 14th of the original cost by taking out the bitcoin 1 cycle,0.059091679751873016,0.9261180758476257,0.014790251851081848
2022-05-15,3:15,"$BTC going down to 20k or going to bounce from this 28k support level?

What do you think and which alts are you buying in this dip?

#bitcoin #btc #luna $luna #terra #ust $ust #avax #ada",btc going down to 20k or going to bounce from this 28k support level what do you think and which alts are you buying in this dip bitcoin btc luna luna terra ust ust avax ada,0.030512971803545952,0.8442221879959106,0.12526480853557587
2022-05-15,3:15,"Pairs:BTCUSDT 
 SELL:29817.01000
 Time :5/15/2022 6:12:29 AM
 Average Decision:42.08385 FifteenMinutes 
 Estimated Direction: DOWN
 #BTC #PSGBTC #Bitcoin #RSƒ∞ #Bollinger -It is not investment advice. You can visit our profile for your own alarms. YTD. 6:13:05 AM",time am average fifteenminutes estimated down btc psgbtc bitcoin rsi bollinger it is not investment advice you can visit our profile for your own alarms ytd am,0.02080642618238926,0.9036141633987427,0.07557939738035202
2022-05-15,3:15,we're 'bout to ... #Bitcoin,we are bout to bitcoin,0.08663161844015121,0.891612708568573,0.02175571583211422
2022-05-15,3:15,"@thehill Don‚Äôt Trust, Verify  
#Bitcoin &gt; SCOTUS",thehill don not trust verify bitcoin gt scotus,0.03664545714855194,0.7827922105789185,0.1805623471736908
2022-05-15,3:15,"Some are calling the bottom yet #btc had broken many keep structures, we're still in the midst of a global financial crisis, and influencers keep buying Luna. The cleansing has only just begun...",some are calling the bottom yet btc had broken many keep structures we are still in the midst of a global financial crisis and influencers keep buying luna the cleansing has only just begun,0.06293650716543198,0.0962698757648468,0.8407936096191406
2022-05-15,3:15,"$BTC going down to 20k or going to bounce from this 28k support level?

What do you think and which alts are you buying in this dip?

#bitcoin #btc #luna $luna #terra #ust $ust $eth",btc going down to 20k or going to bounce from this 28k support level what do you think and which alts are you buying in this dip bitcoin btc luna luna terra ust ust eth,0.03312346339225769,0.7968105673789978,0.1700659692287445
2022-05-15,3:15,"üöÄ üöÄ üöÄ $1,600,856 BTCUSDT LONGED @$29,800.00 on #Binance (3:13:08 UTC) #BTC #cryptocurrency",1600856 btcusdt longed 2980000 on binance utc btc cryptocurrency,0.040069419890642166,0.925388514995575,0.03454212099313736
2022-05-15,3:15,No one has ever won a #crypto #Giveaway. Stop retweeting. Thank you! #Bitcoin¬† #eth #dogecoin #shib #lunacoin #lunaterra #BNB¬† #CryptocurrencyNews #BTC #shibainu #shiba #cryptocurrency,no one has ever won a crypto giveaway stop retweeting thank you bitcoin eth dogecoin shib lunacoin lunaterra bnb cryptocurrencynews btc shibainu shiba cryptocurrency,0.09027548879384995,0.8882884383201599,0.021436024457216263
2022-05-15,3:15,@jokowi @kaptencrypto707 @elonmusk He said to Mr. president to buying #DOGE and adopting #Bitcoin. LOL,jokowi kaptencrypto707 elonmusk he said to mr president to buying doge and adopting bitcoin lol,0.1497795283794403,0.8401877284049988,0.010032769292593002
2022-05-15,3:15,create twitter tasks and pay with #bitcoin #ethereum #litecoin #nft #airdrop with @jobboycom,create twitter tasks and pay with bitcoin ethereum litecoin nft airdrop with jobboycom,0.03466211259365082,0.9412561058998108,0.024081749841570854
2022-05-15,3:15,"You call me a clown 2 days ago ..
Today #Luna is the top coin in all platforms on crypto currency‚Äôs market. 
With 5.44B$ in last 24 hours vol.
#Bitcoin #Binance",you call me a clown 2 days ago today luna is the top coin in all platforms on crypto currencys market with 544b in last 24 hours vol bitcoin binance,0.15722589194774628,0.8293408751487732,0.013433207757771015
2022-05-15,3:15,üí•BREAKING: Emirates Airline to accept #Bitcoin,emirates airline to accept bitcoin,0.3044765591621399,0.6872476935386658,0.008275697007775307
2022-05-15,3:15,I prepare my bags now. I won my first 100k$ when I bought assets during bear market üíé #Bitcoin,i prepare my bags now i won my first 100k when i bought assets during bear market bitcoin,0.18235944211483002,0.8044319152832031,0.013208632357418537
2022-05-15,3:15,@TheMoonCarl #Bitcoin is never an Altcoin. It is the King of Krypto üòÅüíØ,themooncarl bitcoin is never an altcoin it is the king of krypto,0.027095209807157516,0.9243070483207703,0.04859771952033043
2022-05-15,3:15,"LUNA/UST is the best lesson for heads of state to avoid shitcoinery. Imagine putting some #Bitcoin and cRypTo policy in place and then welcoming some shitcoin delegation for photo ops. 

#Bitcoin only.",lunaust is the best lesson for heads of state to avoid shitcoinery imagine putting some bitcoin and crypto policy in place and then welcoming some shitcoin delegation for photo ops bitcoin only,0.050395138561725616,0.9278976917266846,0.021707134321331978
2022-05-15,3:15,@HodlingJ Those who understand #Bitcoin should continue to call out harmful zombie Bank policies.,hodlingj those who understand bitcoin should continue to call out harmful zombie bank policies,0.06809040904045105,0.6382136940956116,0.2936958372592926
2022-05-15,3:15,#bitcoin Cryptocurrency The bull market is done  #ETH - 0x3BC690c604d170BB53c155cb66074B4DE1172C36,bitcoin cryptocurrency the bull market is done eth 0x3bc690c604d170bb53c155cb66074b4de1172c36,0.04011738672852516,0.9231336712837219,0.03674891218543053
2022-05-15,3:15,"I¬¥m giving 0.1 #btc #bitcoin to the first 1000 people who follows and retweets!! #cryptocurrency 
Drop your wallet",im giving 01 btc bitcoin to the first 1000 people who follows and retweets cryptocurrency drop your wallet,0.023576492443680763,0.9329184889793396,0.0435049831867218
2022-05-15,3:15,üí•BREAKING: #Bitcoin mining in Norway gets the green light.,bitcoin mining in norway gets the green light,0.6101884245872498,0.37911736965179443,0.01069418340921402
2022-05-15,3:15,"$BTC going down to 20k or going to bounce from this 28k support level?

What do you think and which alts are you buying in this dip?

#bitcoin #btc #luna $luna #terra #ust $ust $anc",btc going down to 20k or going to bounce from this 28k support level what do you think and which alts are you buying in this dip bitcoin btc luna luna terra ust ust anc,0.02771938592195511,0.7254802584648132,0.24680036306381226
2022-05-15,3:15,"So are we dumping tomorrow into the weekly close, during the lunar eclipse or both? üîÆ#Bitcoin",so are we dumping tomorrow into the weekly close during the lunar eclipse or both bitcoin,0.019365161657333374,0.9326613545417786,0.04797351360321045
2022-05-15,3:15,"#Bitcoin üìà 

‚ñì‚ñì‚ñì‚ñì‚ñì‚ñë‚ñë‚ñë‚ñë‚ñë‚ñë‚ñë‚ñë‚ñë‚ñë 30%

price:$29789.7      eth/btc: 0.07",bitcoin 30 007,0.02832275815308094,0.9284541010856628,0.043223101645708084
2022-05-15,3:15,"Good luck everyone to be the part of this strong project. This project will be on the top in coin I am also greatfull to join such a nice project and best platform also.
#FGW #FunnyGameWorld #crypto #bitcoin #cryptocurrency #blockchain #bounty #binance #eth #token #coinsbit",good luck everyone to be the part of this strong project this project will be on the top in coin i am also greatfull to join such a nice project and best platform also fgw funnygameworld crypto bitcoin cryptocurrency blockchain bounty binance eth token coinsbit,0.25380003452301025,0.7362176775932312,0.009982273913919926
2022-05-15,3:15,"@TheMoonCarl hi @stablekwon @terra_money please do something by fast..before banned by Auth
#luna #ust #terraluna #crypto #StableCoin #btc #bitcoin",themooncarl hi stablekwon terramoney please do something by fastbefore banned by auth luna ust terraluna crypto stablecoin btc bitcoin,0.05088763311505318,0.921404242515564,0.027708062902092934
2022-05-15,3:15,"@TheMoonCarl I‚Äôve been sitting pretty after I changed everything into #bitcoin.   I know #BTC fell with the whole market but I don‚Äôt have the same fear that I had with with all the other coins.  I feel calm and peaceful holding bitcoin, not panicked like I did with everything else.",themooncarl ive been sitting pretty after i changed everything into bitcoin i know btc fell with the whole market but i don not have the same fear that i had with with all the other coins i feel calm and peaceful holding bitcoin not panicked like i did with everything else,0.13556703925132751,0.6662263870239258,0.1982066035270691
2022-05-15,3:15,"@airdropinspect Wooww.. a very good and special project, I think this project can have a big role in changing the world. I also hope that it will be useful for everyone

@nine_kechill @llebogshc @wishaka13 
#Airdrop #Airdrops #Airdropinspector #BSC #NEST #USDT #Crypto #Bitcoin",airdropinspect wooww a very good and special project i think this project can have a big role in changing the world i also hope that it will be useful for everyone ninekechill llebogshc wishaka13 airdrop airdrops airdropinspector bsc nest usdt crypto bitcoin,0.4861571192741394,0.5061226487159729,0.007720259949564934
2022-05-15,3:15,"DELEGATE_DONT_HATE has just sent its voters a payment, in total of 10,110.396803 XCASH ($0.2049) #dogecoin $xcash #QuickSwap #XCASH #blockchain #btc #crypto.",delegatedonthate has just sent its voters a payment in total of 10110396803 xcash 02049 dogecoin xcash quickswap xcash blockchain btc crypto,0.08966511487960815,0.8977323174476624,0.012602593749761581
2022-05-15,3:15,"Bitcoin BTC Current Price:
$29,837.19

1h: -0.41%
24h: +1.09%
7d: -13.78%

30d: -25.49%
60d: -26.97%
90d: -28.43%

#btc $BTC #bitcoin",bitcoin btc current 2983719 041 109 1378 2549 2697 2843 btc btc bitcoin,0.0318659283220768,0.9431389570236206,0.02499513328075409
2022-05-15,3:15,"JUST IN: Riot Blockchain will develop a 1 gigawatt #Bitcoin mining facility in Navarro County, Texas.",just riot blockchain will develop a 1 gigawatt bitcoin mining facility in navarro county texas,0.2231701761484146,0.7700722217559814,0.006757606286555529
2022-05-15,3:15,"I don't buy the Blackrock/Citadel attacked $luna conspiracy rumor, but I do believe Luna was indeed attacked. And all it took was ~$1 billion to break it, which the attacker probably made back in short positions.

I hear breaking #Bitcoin $btc would only require ~$5b in hardware.",i do not buy the blackrockcitadel attacked luna conspiracy rumor but i do believe luna was indeed attacked and all it took was 1 billion to break it which the attacker probably made back in short positions i hear breaking bitcoin btc would only require 5b in hardware,0.046859417110681534,0.9001320600509644,0.0530085526406765
2022-05-15,3:15,Current #Bitcoin Price is $29833 #BTC #Crypto,current bitcoin price is 29833 btc crypto,0.021941442042589188,0.948901891708374,0.029156692326068878
2022-05-15,3:15,#BTC is now at $29789.57,btc is now at 2978957,0.026883307844400406,0.9219663739204407,0.051150254905223846
2022-05-15,3:15,Money that requires it‚Äôs own ecosystem to work is a weak money that eventually will be beaten by universal money with minimal requirements. Stay away from #shitcoins. #HODL #Bitcoin .,money that requires its own ecosystem to work is a weak money that eventually will be beaten by universal money with minimal requirements stay away from shitcoins hodl bitcoin,0.048140935599803925,0.8081721663475037,0.1436869353055954
2022-05-15,3:15,"@funnygameworld The project has a strong team that strives for success. This project has a bright future. You will get a higher marketing Value. My best wish for your project.
#FGW #FunnyGameWorld #crypto #bitcoin #cryptocurrency #blockchain #bounty #binance #eth #token #coinsbit",funnygameworld the project has a strong team that strives for success this project has a bright future you will get a higher marketing value my best wish for your project fgw funnygameworld crypto bitcoin cryptocurrency blockchain bounty binance eth token coinsbit,0.2627926468849182,0.726654052734375,0.010553230531513691
2022-05-15,3:15,ü§ù Follow me on @betfury. Let's hunt for Bitcoins together! Get an exciting experience on #1 I-Gaming platform with #BTC staking payouts!üí∞.My Username: User781639 #betfurysuccess #bitcoin #staking,follow me on betfury let us hunt for bitcoins together get an exciting experience on 1 igaming platform with btc staking payoutsmy user781639 betfurysuccess bitcoin staking,0.16607889533042908,0.8251025676727295,0.008818615227937698
2022-05-15,3:15,@CircuitSociety @Afrian80 @coinkit_ #lunaterra #Bitcoin #BTC thanks,circuitsociety afrian80 coinkit lunaterra bitcoin btc thanks,0.06694945693016052,0.9201143383979797,0.012936140410602093
2022-05-15,3:15,@BitcoinMidas_ Yup #bitcoin CEO makes this happen. Do you need his number?,bitcoinmidas yup bitcoin ceo makes this happen do you need his number,0.03307286649942398,0.9424517154693604,0.02447548508644104
2022-05-15,3:15,@tommyizim0 sometimes people simply don't know why #bitcoin is far superior and impenetrable. Try giving him a heads up and perhaps he reallocates his altcoins. Explain him the 5 pillars of #bitcoin. I can't even fathom a state of mind of someone facing another fallout.,tommyizim0 sometimes people simply do not know why bitcoin is far superior and impenetrable try giving him a heads up and perhaps he reallocates his altcoins explain him the 5 pillars of bitcoin i cannot even fathom a state of mind of someone facing another fallout,0.05284368246793747,0.8058533668518066,0.1413029581308365
2022-05-15,3:15,"@funnygameworld I joined this wonderful project, and it is an honor for me to be a part of it.
#FGW #FunnyGameWorld #crypto #bitcoin #cryptocurrency #blockchain #bounty #binance #eth #token #coinsbit",funnygameworld i joined this wonderful project and it is an honor for me to be a part of it fgw funnygameworld crypto bitcoin cryptocurrency blockchain bounty binance eth token coinsbit,0.12697339057922363,0.8618415594100952,0.011185092851519585
2022-05-15,3:15,@VitBuonarroti @BSCGemsAlert Nobody seems to understand this. All FOMO and hopium‚Ä¶these people may be worse than the doge community  #BITCOIN,vitbuonarroti bscgemsalert nobody seems to understand this all fomo and hopiumthese people may be worse than the doge community bitcoin,0.01031411811709404,0.042349494993686676,0.9473364353179932
2022-05-15,3:15,"@elonmusk Hungry
Poverty
...Tax the Rich ü§£ü§£ü§£
#Eurovision #Eurovision2022 #creatorclash #cryptocurrency #Bitcoin #BTC #Binance #SriLanka #SRFCOM #SriLankaCrisis #healthy #GameFi #HealthyEating #YokaBakole #BTS_Proof #KPOPFLEX #Russia #runningmate #UK #USA #lunaterra #Terra #NCTDREAM",elonmusk hungry poverty tax the rich eurovision eurovision2022 creatorclash cryptocurrency bitcoin btc binance srilanka srfcom srilankacrisis healthy gamefi healthyeating yokabakole btsproof kpopflex russia runningmate uk usa lunaterra terra nctdream,0.0933874100446701,0.8861525654792786,0.02046004869043827
2022-05-15,3:15,@TheMoonCarl I think I would invest this $usdt in #BTC.,themooncarl i think i would invest this usdt in btc,0.11222278326749802,0.878442645072937,0.009334605187177658
2022-05-15,3:15,"Just gotta keep DCA into #BTC 

Just added another $50 

Small money, but it adds up",just gotta keep dca into btc just added another 50 small money but it adds up,0.1641588658094406,0.8165459036827087,0.019295206293463707
2022-05-15,3:15,"#BTC 30K ABOVE SUSTAIN 31K 32K 

30K BELOW SUSTAIN 28K 25K 
#cryptocurrency #Cryptocrash #btc #sell #selling #CryptocurrencyNews #cryptotrading #cryptocurrencies #Bitcoin #sell #fobia #BitcoinCrash",btc 30k above sustain 31k 32k 30k below sustain 28k 25k cryptocurrency cryptocrash btc sell selling cryptocurrencynews cryptotrading cryptocurrencies bitcoin sell fobia bitcoincrash,0.06985517591238022,0.9108270406723022,0.01931776851415634
2022-05-15,3:15,"üü© Block 736427 ‚õè ‚õè

üìÖ 15th May 2022, 03:06:14 GMT

üì£ 1,749 tx with a value of 16,092.625 ‚Çø ($480.44m üá∫üá∏)

üì£ distributed to 6,731 recipients üíéüôå

üì£ 19,040,175.00 ‚Çø (90.66750%) mined ‚õè

üì£ 1,959,825.00 ‚Çø remaining üí∞

#bitcoin #tictoknextblock",block 736427 15th may 2022 gmt 1749 tx with a value of 16092625 48044m distributed to 6731 recipients 1904017500 9066750 mined 195982500 remaining bitcoin tictoknextblock,0.04832620918750763,0.9294407367706299,0.0222330279648304
2022-05-15,3:15,"@AirdropDet This is very good &amp; strong project. 
This project future is very good.

@Airdrop914 
@AirdropDet 
@AirdropBroad 
@Airdrop365Team 
@AirdropStario 

#Airdrops #KOKChain #Bitcoin #AirdropDetective #Cryptocurrency",airdropdet this is very good strong project this project future is very good airdrop914 airdropdet airdropbroad airdrop365team airdropstario airdrops kokchain bitcoin airdropdetective cryptocurrency,0.6744270324707031,0.31740817427635193,0.00816470105201006
2022-05-15,3:15,TA course now ready for purchase &amp; discord is open. Are you ready? DM for details $luna $btc #btc #cryptocurrency #daytrading,ta course now ready for purchase discord is open are you ready dm for details luna btc btc cryptocurrency daytrading,0.04888290911912918,0.9274423122406006,0.023674750700592995
2022-05-15,3:15,#Bitcoin just joined Twitter! #Bitcoin friends help me with followers!,bitcoin just joined twitter bitcoin friends help me with followers,0.08825364708900452,0.8993874192237854,0.012358960695564747
2022-05-15,3:15,@SPACEBULL One of the main reasons I opened my mind to #Bitcoin,spacebull one of the main reasons i opened my mind to bitcoin,0.055723220109939575,0.9227285385131836,0.02154826931655407
2022-05-15,3:15,Top 5 Reasons I still believe in a #Crypto Parabolic Blow Off Top. (Meltup). üìà#Bitcoin #Altcoins #XRP #HBAR #Russia‚Ä¶,top 5 reasons i still believe in a crypto parabolic blow off top meltup bitcoin altcoins xrp hbar russia,0.04192978888750076,0.9250838160514832,0.03298645839095116
2022-05-15,3:15,@Khulood_Almani @psb_dc @BetaMoroney @efipm @BrettKing @SpirosMargaris @stratorob @enricomolinari @JimMarous Amazing world we live in.  His intentions were good...but pulling off the conversion to #BTC is not going smoothly.,khuloodalmani psbdc betamoroney efipm brettking spirosmargaris stratorob enricomolinari jimmarous amazing world we live in his intentions were goodbut pulling off the conversion to btc is not going smoothly,0.03807472810149193,0.9126757383346558,0.04924954101443291
2022-05-15,3:15,"""Buy the Rumour, Sell the news""Don't just get trapped in this $DOGE pump. Trade smartly!$BTC #bitcoin #dogecoin",buy the rumour sell the newsdon t just get trapped in this doge pump trade smartly btc bitcoin dogecoin,0.05192723125219345,0.9292177557945251,0.01885497011244297
2022-05-15,3:15,"@mattpunzak89 Night still young bud? I got Oil Country for the win. The best athletic team to wear navy and orange. Yeah I said it, War Eagle can suck one budzo #WarEagle #StanleyCupPlayoffs #WNBATwitter #LetsGoOilers #ElonMuskTwitter #Bitcoin",mattpunzak89 night still young bud i got oil country for the win the best athletic team to wear navy and orange yeah i said it war eagle can suck one budzo wareagle stanleycupplayoffs wnbatwitter letsgooilers elonmusktwitter bitcoin,0.111989326775074,0.8596478700637817,0.02836284600198269
2022-05-15,3:15,"@nic__carter Nic's analysis and eloquence in the #Bitcoin innovation space make him a WMC. 

Weapon of Mass Construction.",niccarter nic analysis and eloquence in the bitcoin innovation space make him a wmc weapon of mass construction,0.138536274433136,0.8508639335632324,0.010599801316857338
2022-05-15,3:15,"Since #DeFi on #Bitcoin is drastically underestimated, I strongly recommend having a look a the $DFI token from @defichain",since defi on bitcoin is drastically underestimated i strongly recommend having a look a the dfi token from defichain,0.07922656834125519,0.8931417465209961,0.027631640434265137
2022-05-15,3:15,@TheRealPlanC That's how early we are!!! #Bitcoin,therealplanc that is how early we are bitcoin,0.049589261412620544,0.9265501499176025,0.023860560730099678
2022-05-15,3:15,"#Bitcoin BTCUSD Percentage Change:  0.956 Price: 29800 Checktime: May 15, 2022 at 05:30AM. $BTC",bitcoin btcusd percentage 0956 29800 may 15 2022 at btc,0.024753306061029434,0.9322885870933533,0.04295802116394043
2022-05-15,3:15,"üîîPrice updates for different #crypto assets that get price predictions on ü¶•SlothTrading:

#BTC: $29,881.48
#AVA: $0.6830
#BNB: $290.20
#ADA: $0.5222
#DOGE: $0.0880

üí•New predictions every hour",price updates for different crypto assets that get price predictions on 2988148 06830 29020 05222 00880 new predictions every hour,0.026134241372346878,0.9381729960441589,0.03569275885820389
2022-05-15,3:15,"@TheMoonCarl That's a very stupid question!! #Bitcoin is the future, forget LUNAtic",themooncarl that is a very stupid question bitcoin is the future forget lunatic,0.037938885390758514,0.8906588554382324,0.07140226662158966
2022-05-15,3:15,Imagine leaving the #Crypto space right now. #Bitcoin,imagine leaving the crypto space right now bitcoin,0.02163955755531788,0.8656434416770935,0.11271698027849197
2022-05-15,3:15,I will give 2.6 million $LUNA to 50 people in 24hrs. Just retweet and be following me. #luna #crypto #btc,i will give 26 million luna to 50 people in 24hrs just retweet and be following me luna crypto btc,0.04839137941598892,0.9353288412094116,0.016279779374599457
2022-05-15,3:15,"@cryptomanran Didn't do Kwan back terra with $3bn of #BTC? Doesn't that me #TERRA  can always be exchanged with a set amount of btc, effectively putting a floor at $2-$3bn mkt cap?

$CVP's price activity has gotten interesting to watch, since the recent $ppTORN vault launch.",cryptomanran did not do kwan back terra with 3bn of btc does not that me terra can always be exchanged with a set amount of btc effectively putting a floor at 2 3bn mkt cap cvp price activity has gotten interesting to watch since the recent pptorn vault launch,0.12345601618289948,0.8592128157615662,0.017331184819340706
2022-05-15,3:15,"@CryptoGrindset_ Wow what a great giveaway

Guys @luismelysce @2107_vanessa @glendamsb 

#Giveaways #Giveaway #Bitcoin 
#LUNA #cryptocurrency #NFTGiveaway #NFTCommunity",cryptogrindset wow what a great giveaway guys luismelysce 2107vanessa glendamsb giveaways giveaway bitcoin luna cryptocurrency nftgiveaway nftcommunity,0.1265309751033783,0.8612974882125854,0.01217151340097189
2022-05-15,3:15,@CharlieMunger00 It‚Äôs really painful but what Charlie Munger said about #Bitcoin and other cryptocurrencies are right so far.,charliemunger00 its really painful but what charlie munger said about bitcoin and other cryptocurrencies are right so far,0.08502783626317978,0.8215265870094299,0.09344556927680969
2022-05-15,3:15,"@airdropinspect Wooww.. a very good and special project, I think this project can have a big role in changing the world. I also hope that it will be useful for everyone

@nine_kechill @llebogshc @wishaka13
#Airdrop #Airdrops #Airdropinspector #BSC #BurgerCities #USDT #Crypto #Bitcoin",airdropinspect wooww a very good and special project i think this project can have a big role in changing the world i also hope that it will be useful for everyone ninekechill llebogshc wishaka13 airdrop airdrops airdropinspector bsc burgercities usdt crypto bitcoin,0.43815213441848755,0.5541058778762817,0.007742007728666067
2022-05-15,3:15,"@bitcoin_bitchh @isabelfoxenduke @BitcoinMagazine Wow, I loved your article @isabelfoxenduke! üëè I was about to comment, but @bitcoin_bitchh already said exactly what I was thinking. üòÑ 

No more sides, just #Bitcoin.",bitcoinbitchh isabelfoxenduke bitcoinmagazine wow i loved your article isabelfoxenduke i was about to comment but bitcoinbitchh already said exactly what i was thinking no more sides just bitcoin,0.08077573031187057,0.8947329521179199,0.024491390213370323
2022-05-15,3:15,@tommyizim0 Did you tell them about #BTC?,tommyizim0 did you tell them about btc,0.03531697019934654,0.9398896098136902,0.024793416261672974
2022-05-15,3:15,"@TheMoonCarl Remember this next time when a dumb slave of fiat argues with you

#bitcoin¬†community is driven by a moral and humanitarian obligation to build a better world for all.Bitcoin makes it possible

Bravo @Georgeleonel363 Made us proud. his tweets and tips have been very helpful.",themooncarl remember this next time when a dumb slave of fiat argues with you bitcoin community is driven by a moral and humanitarian obligation to build a better world for allbitcoin makes it possible bravo georgeleonel363 made us proud his tweets and tips have been very helpful,0.7235040664672852,0.26508212089538574,0.011413756757974625
2022-05-15,3:15,"The only truly decentralized currency is bitcoin.  It is not a company, it has no owner and it is impossible to be attacked by governments.  The rest say they are decentralized one, but they are not.  it's fact!  The moment a coin has a leader, it can be manipulated. #Bitcoin",the only truly decentralized currency is bitcoin it is not a company it has no owner and it is impossible to be attacked by governments the rest say they are decentralized one but they are not it is fact the moment a coin has a leader it can be manipulated bitcoin,0.02386421337723732,0.9271693229675293,0.048966433852910995
2022-05-15,3:15,Current #Bitcoin Price is $29827 #BTC #Crypto,current bitcoin price is 29827 btc crypto,0.021937167271971703,0.9489423036575317,0.029120605438947678
2022-05-15,3:15,@saylor #BTC hit low 9k- 13k confirm,saylor btc hit low 9k 13k confirm,0.24847832322120667,0.3888205885887146,0.36270108819007874
2022-05-15,3:15,"@Goodlookingjedi @CelsiusNetwork @Mashinsky @CelsiusNetwork is uniquely positioned as the largest #Bitcoin miner in the üá∫üá∏, a registered &amp; compliant üá∫üá∏-based platform, to be THE major bridge solution between TradFi &amp; DeFi

They are needed as the world shifts to #Bitcoin as a hybrid reserve asset &amp; hyperinflation hedge",goodlookingjedi celsiusnetwork mashinsky celsiusnetwork is uniquely positioned as the largest bitcoin miner in the a registered compliant based platform to be the major bridge solution between tradfi defi they are needed as the world shifts to bitcoin as a hybrid reserve asset hyperinflation hedge,0.7896516919136047,0.2038164734840393,0.006531896069645882
2022-05-15,3:15,"The current price of bitcoin is $29,917.00. It has increased by 1.287% in the last 24 hours #bitcoin #btc #cryptocurrency",the current price of bitcoin is 2991700 it has increased by 1287 in the last 24 hours bitcoin btc cryptocurrency,0.9041746854782104,0.0832974836230278,0.012527902610599995
2022-05-15,3:15,@TheMoonCarl Definitely #btc as you said BTC is the most stable and trusted coin ever.,themooncarl definitely btc as you said btc is the most stable and trusted coin ever,0.41455766558647156,0.5767799615859985,0.008662307634949684
2022-05-15,3:15,"After #terraluna stated that its blockchain has resumed block creation following the huge crash, Binance has allowed spot trading for LUNA/BUSD and UST/BUSD on its platform. The validators decided to make on-chain exchanges impossible. 

#UST #BTC #Bitcoin #LUNA",after terraluna stated that its blockchain has resumed block creation following the huge crash binance has allowed spot trading for lunabusd and ustbusd on its platform the validators decided to make onchain exchanges impossible ust btc bitcoin luna,0.11378666758537292,0.851133406162262,0.035079918801784515
2022-05-15,3:15,"üö® 5/14 RECAP üö® 

üí• 5 for 5 +8.95 units ü§ë

‚öæÔ∏è #STLCards ML -105 2u ‚úÖ 
‚öæÔ∏è #NextLevel ML -120 2u ‚úÖ 
‚öæÔ∏è #LetsGoBucs ML +105 1u ‚úÖ 
‚öæÔ∏è #NATITUDE ML +130 1u ‚úÖ 
‚öæÔ∏è #Changethegame ML+130 2u ‚úÖ 

#GamblingTwitter #MLB #Trending #trend #Bitcoin #cryptocurrency #FACup @br_betting",514 recap 5 for 5 895 units stlcards ml 105 2u nextlevel ml 120 2u letsgobucs ml 105 1u natitude ml 130 1u changethegame ml130 2u gamblingtwitter mlb trending trend bitcoin cryptocurrency facup brbetting,0.07843520492315292,0.9010122418403625,0.020552530884742737
2022-05-15,3:15,"@TheMoonCarl Despite these pullback we‚Äôve had not quite long am still confident #Bitcoin¬†¬†¬†¬†¬†¬†sees another high soon this year.

However everyone should follow @Georgeleonel363 tweets and predictions I‚Äôve been trading firmly 
Follow him",themooncarl despite these pullback weve had not quite long am still confident bitcoin sees another high soon this year however everyone should follow georgeleonel363 tweets and predictions ive been trading firmly follow him,0.8314266800880432,0.1515413522720337,0.017031902447342873
2022-05-15,3:15,@gainzxbt I lost $100 dollars thrice but every time I learned from my mistakes . 1st time I got liquidated as the #btc crashed 50% in a day then after that I lost trades when I traded against the trend it was like I lost 3-4 percent on every trade and was eventually left with nothing.,gainzxbt i lost 100 dollars thrice but every time i learned from my mistakes 1st time i got liquidated as the btc crashed 50 in a day then after that i lost trades when i traded against the trend it was like i lost 34 percent on every trade and was eventually left with nothing,0.019068557769060135,0.11750492453575134,0.8634265661239624
2022-05-15,3:15,#btc and #ETH Whale shorts ending? One more dip near 20k?? ThenüöÄ,btc and eth whale shorts ending one more dip near 20k then,0.07452952116727829,0.16467902064323425,0.7607914805412292
2022-05-15,3:15,"JUST IN - Reports confirm that during its collapse #LUNA reserves moved over 52,189 #Bitcoin to a single account at U.S. crypto exchange Gemini. @cz_binance",just in reports confirm that during its collapse luna reserves moved over 52189 bitcoin to a single account at us crypto exchange gemini czbinance,0.05674655735492706,0.921434223651886,0.021819286048412323
2022-05-15,3:15,"The only reason people shitcoin is because they think they can make more money this way than by buying #bitcoin.

One by one they are being proven wrong.",the only reason people shitcoin is because they think they can make more money this way than by buying bitcoin one by one they are being proven wrong,0.05636963993310928,0.8890227675437927,0.054607633501291275
2022-05-15,3:15,"#Bitcoin (BTCUSD) price at close, 2022-05-15, is 29800. $BTC",bitcoin btcusd price at close 20220515 is 29800 btc,0.02100846730172634,0.9403205513954163,0.038670945912599564
2022-05-15,3:15,"@TheRealPlanC I‚Äôm still there I‚Äôm not in the tunnel actually because I‚Äôm always optimistic long term. Question is have we seen the bottom yet +|- $5,000? If you buy to hold I‚Äôm not sure you need to wait for #btc to go for it‚Äôs last leg down? Please share your thoughts NFA",therealplanc im still there im not in the tunnel actually because im always optimistic long term question is have we seen the bottom yet 5000 if you buy to hold im not sure you need to wait for btc to go for its last leg down please share your thoughts nfa,0.05070719122886658,0.9231939315795898,0.02609885111451149
2022-05-15,3:15,"The current BTC price is $29917, buy #Bitcoin.  Source by CoinGecko",the current btc price is 29917 buy bitcoin source by coingecko,0.029719054698944092,0.948809802532196,0.0214710533618927
2022-05-15,3:15,@CircuitSociety @coinkit_ #lunaterra #Bitcoin #BTC great project awesome opportunity,circuitsociety coinkit lunaterra bitcoin btc great project awesome opportunity,0.10834456980228424,0.8758325576782227,0.015822824090719223
2022-05-15,3:15,"@Luna_Studio_ or, the second least worst LOL. Go #bitcoin, PoW decentralization is the one and only. No pre-mines, no coin dumps etc. #bitcoin has a 21Mio fixed supply, immutably defined in the protocol and verified by every node.",lunastudio or the second least worst lol go bitcoin pow decentralization is the one and only no premines no coin dumps etc bitcoin has a 21mio fixed supply immutably defined in the protocol and verified by every node,0.03539329394698143,0.9435228705406189,0.0210838932543993
2022-05-15,3:15,"1 milly sats for under $300? Yes, please. 
#bitcoin",1 milly sats for under 300 yes please bitcoin,0.04764619097113609,0.9280608296394348,0.02429298684000969
2022-05-15,3:15,@Dario_Pinheiro @LunaTerraGlobal @TerraLunaBrl anyway i'm in rsrs #lunaterra #BTC #cryptocurrency,dariopinheiro lunaterraglobal terralunabrl anyway i am in rsrs lunaterra btc cryptocurrency,0.03220425546169281,0.936538815498352,0.031256888061761856
2022-05-15,3:15,"üí∞ CRYPTO BUYS (05/14/2022 23:01)
- Shiba Inu: $1.21
- Internet Computer: $8.127
- TRON: $0.071
#ShibaInu #InternetComputer #TRON  #crypto #cryptotrading #coinbase #cryptocurrency #cryptomarket #bitcoin #ethereum #trading #investing",crypto buys 05142022 shiba 121 internet 8127 0071 shibainu internetcomputer tron crypto cryptotrading coinbase cryptocurrency cryptomarket bitcoin ethereum trading investing,0.04674883186817169,0.934336245059967,0.01891496777534485
2022-05-15,3:15,"üí∞ CRYPTO BUYS (05/14/2022 23:01)
- Theta Network: $1.38
- The Sandbox: $1.341
- Helium: $9.381
#ThetaNetwork #TheSandbox #Helium  #crypto #cryptotrading #coinbase #cryptocurrency #cryptomarket #bitcoin #ethereum #trading #investing",crypto buys 05142022 theta 138 the 1341 9381 thetanetwork thesandbox helium crypto cryptotrading coinbase cryptocurrency cryptomarket bitcoin ethereum trading investing,0.04256074130535126,0.936260461807251,0.021178824827075005
2022-05-15,3:15,Crypto ‚ÄúHODLers‚Äù getting SUICIDAL as entire life savings now VANISHING in accelerating crypto carnage #Bitcoin,crypto hodlers getting suicidal as entire life savings now vanishing in accelerating crypto carnage bitcoin,0.02982211858034134,0.2198202908039093,0.7503576278686523
2022-05-15,3:15,"üí∞ CRYPTO BUYS (05/14/2022 23:01)
- TRON: $0.071
- ApeCoin: $8.241
- STEPN: $1.431
#TRON #ApeCoin #STEPN  #crypto #cryptotrading #coinbase #cryptocurrency #cryptomarket #bitcoin #ethereum #trading #investing",crypto buys 05142022 0071 8241 1431 tron apecoin stepn crypto cryptotrading coinbase cryptocurrency cryptomarket bitcoin ethereum trading investing,0.04798451438546181,0.9334518909454346,0.018563613295555115
2022-05-15,3:15,"Top 5 #crypto prices with 24h change:

#BTC #ETH #BNB #XRP #ADA 

üü¢ $BTC $29870.88 (1.17%)
üî¥ $ETH $2033.44 (-0.58%)
üî¥ $BNB $289.9 (-1.40%)
üî¥ $XRP $0.4209 (-2.91%)
üî¥ $ADA $0.5221 (-3.83%)

Do you #hodl any of these coins?",top 5 crypto prices with 24h btc eth bnb xrp ada btc 2987088 117 eth 203344 058 bnb 2899 140 xrp 04209 291 ada 05221 383 do you hodl any of these coins,0.029235035181045532,0.942977249622345,0.02778773382306099
2022-05-15,3:15,"@airdropinspect potential as a huge project in cryptocurrency 
dont miss it guys lets join now before ended

@asriyuvi
@Jokyoaja
@satdha404 

#Airdrop #Airdrops #Airdropinspector #O2ETHDao #O2 #Crypto #Bitcoin",airdropinspect potential as a huge project in cryptocurrency dont miss it guys lets join now before ended asriyuvi jokyoaja satdha404 airdrop airdrops airdropinspector o2ethdao o2 crypto bitcoin,0.11755508184432983,0.8710422515869141,0.011402657255530357
2022-05-15,3:15,"Scanner
#crypto @ 05/14/2022 8:00 PM PST
TF: 1 hr

üîµ Buy: 0/36

üî¥ Sell: 2/36
$BANDUSD @ 1.6753
$ZENUSD @ 20.615

#Bitcoin #ETH #Dogecoin #Money",scanner crypto 05142022 pm pst 1 hr 036 236 bandusd 16753 zenusd 20615 bitcoin eth dogecoin money,0.06567414104938507,0.9161136150360107,0.018212227150797844
2022-05-15,3:15,"Part 1/2:

BTCMarkets
#BTC: $43199
#BCH: $301
#ETH: $2933
#LTC: $97
#XRP: $0.61

Coinspot
#BTC: $43115
#ETH: $2918
#LTC: $97
#XRP: $0.61

Cointree
#BTC: $42623
#BCH: $292
#ETH: $2851
#LTC: $94
#XRP: $0.59",part btcmarkets 43199 301 2933 97 061 coinspot 43115 2918 97 061 cointree 42623 292 2851 94 059,0.03343457356095314,0.9334636926651001,0.033101677894592285
2022-05-15,3:15,"#Ethereum hourly net stats.
2am - 3am UTC
blocks:257
avgDiff:14.58 PH
hashRate:1.07 PH/s
avgSize:93.79 KB
txns:42334

#ETH #BTC #crypto",ethereum hourly net stats 2am 3am utc ph phs kb eth btc crypto,0.04913850501179695,0.9357650876045227,0.015096454881131649
2022-05-15,3:15,"No results? Keep working.
Bad results? Keep working.
Great results? Keep working.

Consistency is KEYüóùÔ∏è.

#motivation #inspirational #BTC
#ToTheMoon",no results keep working bad results keep working great results keep working consistency is key motivation inspirational btc tothemoon,0.1329142302274704,0.8424222469329834,0.02466352842748165
2022-05-15,3:15,@APompliano My long term conviction #Bitcoin has zero value hasn't changed.,apompliano my long term conviction bitcoin has zero value has not changed,0.05347646772861481,0.9209304451942444,0.025593100115656853
2022-05-15,3:15,on the 05/15/2022 at 03:00 1BTC was worth $29875.59 #Bitcoin #Crypto #BotcoinUSD #Bitfinex,on the 05152022 at 1btc was worth 2987559 bitcoin crypto botcoinusd bitfinex,0.037536416202783585,0.9397632479667664,0.022700319066643715
2022-05-15,3:15,"Technically, couldn't whales could buy #BTC on an exchange to make exchanges buy more #BTC for liquidity. Short. Xfef off market, then sell back and flood the market. Massive short profits.",technically could not whales could buy btc on an exchange to make exchanges buy more btc for liquidity short xfef off market then sell back and flood the market massive short profits,0.03222449868917465,0.8427366018295288,0.12503881752490997
2022-05-15,3:15,"@airdropinspect Very interesting project with specific goals, a good product and a great team that will certainly achieve its goals.

@32Jar 
@Puguh_27 
@MartaTirta99 

#Airdrop #Airdrops #Airdropinspector #O2ETHDao #O2 #Crypto #Bitcoin",airdropinspect very interesting project with specific goals a good product and a great team that will certainly achieve its goals 32jar puguh27 martatirta99 airdrop airdrops airdropinspector o2ethdao o2 crypto bitcoin,0.7897038459777832,0.203398197889328,0.006897956598550081
2022-05-15,3:15,"The price of
Spaghetti alla Carbonara
is 36,855 Satoshis
or 0.00036855 BTC

1 BTC = 29,819.90 USD
1 USD = 3,353 Sat
on Saturday, 14 May 2022 10:00 PM CDT

#bitcoin #CarbonaraIndex",the price of spaghetti alla carbonara is 36855 satoshis or 000036855 btc 1 btc 2981990 usd 1 usd 3353 sat on saturday 14 may 2022 pm cdt bitcoin carbonaraindex,0.031129343435168266,0.9469212889671326,0.021949391812086105
2022-05-15,3:15,"Okay, so what is up with men thinking they're better than women on CT.. Get a life virgin üôÑüôÑ

#moonboys #Ethereum #Bitcoin #WomenInNFTs #Web3 #web3women",okay so what is up with men thinking they are better than women on ct get a life virgin moonboys ethereum bitcoin womeninnfts web3 web3women,0.03208873048424721,0.915320873260498,0.05259038135409355
2022-05-15,3:15,"Current Price of BTC: $29,817
24 Hour Percent Change: 0.95%
#bitcoin",current price of 29817 24 hour percent 095 bitcoin,0.0328398123383522,0.9447836875915527,0.022376511245965958
2022-05-15,3:15,@lylepratt Hypothecating your #Bitcoin or handing over keys will be regrettable.,lylepratt hypothecating your bitcoin or handing over keys will be regrettable,0.01696867123246193,0.1832941770553589,0.7997371554374695
2022-05-15,3:15,Separation of money and state (#BTC) &gt; Separation of church and state,separation of money and state btc gt separation of church and state,0.03699760138988495,0.9396751523017883,0.023327231407165527
2022-05-15,3:15,"May 14, 2022 08:00PM #Bitcoin Price:
USD 29336.01 | EUR 28156.67 | JPY 3807750.59",may 14 2022 bitcoin usd 2933601 eur 2815667 jpy 380775059,0.06334026157855988,0.906164824962616,0.030494872480630875
2022-05-15,3:15,"2/2 track the ownership of digital or real-world assets.

NFTs are accessible on smartphones and other digital devices. #web3,#defi,#nft,#crosschain,#BITCOIN,#DAO",22 track the ownership of digital or realworld assets nfts are accessible on smartphones and other digital devices web3definftcrosschainbitcoindao,0.03312419727444649,0.9512823224067688,0.015593552961945534
2022-05-15,3:15,"#Bitcoin stats every hour
----
Block: 736426
Hashrate: 214.38 EH/s
Price last 24h: 39137.50$
--
Fast Fee: 19sat
Slow Fee: 12sat
--
TX unconfirmed: 16546
--
Diff: 31T
Diff change in block 737856
Next diff in 1430 blocks",bitcoin stats every hour 736426 21438 ehs price last 3913750 fast 19sat slow 12sat tx 16546 31t diff change in block 737856 next diff in 1430 blocks,0.029263222590088844,0.9090011715888977,0.061735618859529495
2022-05-15,3:15,"#Bitcoin is currently $29,830.6814",bitcoin is currently 298306814,0.01867869682610035,0.9336931109428406,0.04762815311551094
2022-05-15,3:15,Current BTC Dominance: 44.61% #Bitcoin #Altcoin #Cryptocurrency,current btc 4461 bitcoin altcoin cryptocurrency,0.026675261557102203,0.9417499899864197,0.03157469630241394
2022-05-15,3:15,"„ÄêOur Logo„Äë

Everyone‚Äôs dreams, all kinds of dreams, Taking Off like a rocket.

These are the wishes put in the logo.

#Crypto #Blockchain #ether #ethereum #bitcoin #cryptocurrency",our logo everyones dreams all kinds of dreams taking off like a rocket these are the wishes put in the logo crypto blockchain ether ethereum bitcoin cryptocurrency,0.024119874462485313,0.9351136088371277,0.04076649621129036
2022-05-15,3:15,"Bitcoin - BTC
Price: $29,820.53
Change in 1h: -0.39468783%
Market cap: $567,787,663,021.77
Ranking: 1
#Bitcoin #BTC",bitcoin btc 2982053 change in 039468783 market 56778766302177 1 bitcoin btc,0.02978990040719509,0.8491445183753967,0.12106558680534363
2022-05-15,3:15,"#BTC $29842  $BTC
#ETH $2031.53  $Eth
#BNB $289.31  $Bnb",btc 29842 btc eth 203153 eth bnb 28931 bnb,0.05111564323306084,0.9239437580108643,0.024940593168139458
2022-05-15,3:15,"strategy: 5010HL1h atr20d: 2193.62

15 May 2022 03:00:01 UTC
üîÑ 'None' 12:00:01 JST
--- 30983.5  long_entry_trigger
 &gt;  29801.5  last_price $BTC/USD
--- 28577.5  short_entry_trigger

#BTC/USD perpetual contract on #BitMEX",5010hl1h 219362 15 may 2022 utc none jst 309835 longentrytrigger gt 298015 lastprice btcusd 285775 shortentrytrigger btcusd perpetual contract on bitmex,0.03582365810871124,0.9374281764030457,0.02674819715321064
2022-05-15,3:15,"There‚Äôs no selling my #BTC now. I‚Äôm either riding this horse to zero, our the legacy system capitulates. There is no in between. They want your children‚Äôs children to be slaves.  Wake up. #stacksats",theres no selling my btc now im either riding this horse to zero our the legacy system capitulates there is no in between they want your childrens children to be slaves wake up stacksats,0.08133143931627274,0.8876367211341858,0.031031901016831398
2022-05-15,3:15,"Top 10 #Cryptocurrency Live Prices: 
(11:00 PM . May 14,2022)

#BTC $29820.53
#ETH $2029.03
#BNB $289.78
#DOGE $0.09
#SHIB $0.0000121035
#AXS $21.29
#MANA $1.29
#UNI $5.04
#GM $0.0000066799
#KISHU $0.0000000006

Comments! Which coins would like to be listed?",top 10 cryptocurrency live pm may 142022 btc 2982053 eth 202903 bnb 28978 doge 009 shib 00000121035 axs 2129 mana 129 uni 504 gm 00000066799 kishu 00000000006 comments which coins would like to be listed,0.025224752724170685,0.9326246380805969,0.042150553315877914
